True_Label,Predicted_Label,Confidence_Score,Correct
Potato___Early_blight,Potato___Early_blight,0.9606,True
Potato___Late_blight,Potato___Late_blight,0.9868,True
Potato___Late_blight,Potato___Late_blight,0.9430,True
Potato___Early_blight,Potato___Early_blight,0.9982,True
Potato___Early_blight,Potato___Early_blight,0.9998,True
Potato___Early_blight,Potato___Early_blight,0.9755,True
Potato___Early_blight,Potato___Early_blight,0.9741,True
Potato___Early_blight,Potato___Early_blight,0.9961,True
Potato___Late_blight,Potato___Late_blight,0.9918,True
Potato___Early_blight,Potato___Early_blight,0.9998,True
Potato___Late_blight,Potato___Late_blight,0.8954,True
Potato___Late_blight,Potato___Late_blight,0.9995,True
Potato___Early_blight,Potato___Early_blight,0.9058,True
Potato___Early_blight,Potato___Early_blight,0.9976,True
Potato___healthy,Potato___healthy,0.9802,True
Potato___Early_blight,Potato___Early_blight,0.8838,True
Potato___Early_blight,Potato___Early_blight,0.9719,True
Potato___Late_blight,Potato___Late_blight,0.9991,True
Potato___Early_blight,Potato___Early_blight,0.9956,True
Potato___Early_blight,Potato___Early_blight,0.9973,True
Potato___Late_blight,Potato___Late_blight,0.9946,True
Potato___Early_blight,Potato___Early_blight,0.8769,True
Potato___Late_blight,Potato___Late_blight,0.7730,True
Potato___Late_blight,Potato___Late_blight,0.9965,True
Potato___Early_blight,Potato___Early_blight,0.9982,True
Potato___Late_blight,Potato___Late_blight,0.9845,True
Potato___Late_blight,Potato___Late_blight,0.8964,True
Potato___Late_blight,Potato___Late_blight,0.9925,True
Potato___Late_blight,Potato___Late_blight,0.9942,True
Potato___Late_blight,Potato___Late_blight,0.9940,True
Potato___Early_blight,Potato___Early_blight,0.8762,True
Potato___Early_blight,Potato___Early_blight,0.9955,True
Potato___healthy,Potato___healthy,0.9388,True
Potato___healthy,Potato___Late_blight,0.4956,False
Potato___Early_blight,Potato___Early_blight,0.9995,True
Potato___Early_blight,Potato___Early_blight,0.9990,True
Potato___Early_blight,Potato___Early_blight,0.9945,True
Potato___Late_blight,Potato___Late_blight,0.9962,True
Potato___Late_blight,Potato___Late_blight,0.9918,True
Potato___Early_blight,Potato___Early_blight,0.9981,True
Potato___Late_blight,Potato___Late_blight,0.9898,True
Potato___Late_blight,Potato___Late_blight,0.9885,True
Potato___Early_blight,Potato___Early_blight,0.9998,True
Potato___Late_blight,Potato___Late_blight,0.9954,True
Potato___Late_blight,Potato___Late_blight,0.9988,True
Potato___Early_blight,Potato___Early_blight,0.9990,True
Potato___Late_blight,Potato___Late_blight,0.8492,True
Potato___Early_blight,Potato___Early_blight,0.9925,True
Potato___healthy,Potato___Late_blight,0.6180,False
Potato___Early_blight,Potato___Early_blight,0.9986,True
Potato___Late_blight,Potato___Late_blight,0.9973,True
Potato___Early_blight,Potato___Early_blight,1.0000,True
Potato___Early_blight,Potato___Early_blight,0.9982,True
Potato___Early_blight,Potato___Early_blight,0.9980,True
Potato___Late_blight,Potato___Late_blight,0.9885,True
Potato___Late_blight,Potato___Late_blight,0.9924,True
Potato___Late_blight,Potato___Late_blight,0.9848,True
Potato___Late_blight,Potato___Late_blight,0.9298,True
Potato___Early_blight,Potato___Early_blight,0.9997,True
Potato___Early_blight,Potato___Early_blight,0.9747,True
Potato___healthy,Potato___Late_blight,0.6270,False
Potato___Early_blight,Potato___Early_blight,0.9909,True
Potato___Late_blight,Potato___Late_blight,0.9614,True
Potato___Late_blight,Potato___Late_blight,0.9994,True
Potato___Late_blight,Potato___Late_blight,0.9683,True
Potato___Early_blight,Potato___Early_blight,0.9876,True
Potato___Early_blight,Potato___Early_blight,0.9999,True
Potato___Early_blight,Potato___Early_blight,0.9966,True
Potato___healthy,Potato___healthy,0.9897,True
Potato___Early_blight,Potato___Early_blight,0.9893,True
Potato___Late_blight,Potato___Late_blight,0.9938,True
Potato___healthy,Potato___healthy,0.9791,True
Potato___Late_blight,Potato___Late_blight,0.9822,True
Potato___Late_blight,Potato___Late_blight,0.9995,True
Potato___Early_blight,Potato___Early_blight,0.9991,True
Potato___Early_blight,Potato___Early_blight,0.9907,True
Potato___Late_blight,Potato___Late_blight,0.9852,True
Potato___Early_blight,Potato___Early_blight,0.9931,True
Potato___Early_blight,Potato___Early_blight,0.9902,True
Potato___Early_blight,Potato___Early_blight,0.9981,True
Potato___Late_blight,Potato___Late_blight,0.9995,True
Potato___Early_blight,Potato___Early_blight,0.9892,True
Potato___healthy,Potato___healthy,0.9782,True
Potato___Early_blight,Potato___Early_blight,0.9943,True
Potato___Late_blight,Potato___Late_blight,1.0000,True
Potato___Late_blight,Potato___Late_blight,0.9694,True
Potato___healthy,Potato___healthy,0.9862,True
Potato___Early_blight,Potato___Early_blight,0.9460,True
Potato___Late_blight,Potato___Late_blight,0.9944,True
Potato___Early_blight,Potato___Early_blight,0.9650,True
Potato___healthy,Potato___healthy,0.9917,True
Potato___Early_blight,Potato___Early_blight,0.9296,True
Potato___healthy,Potato___healthy,0.9896,True
Potato___Late_blight,Potato___Late_blight,0.9962,True
Potato___Early_blight,Potato___Early_blight,0.9997,True
Potato___Late_blight,Potato___Late_blight,0.9982,True
Potato___Early_blight,Potato___Early_blight,1.0000,True
Potato___Late_blight,Potato___Late_blight,0.9970,True
Potato___Late_blight,Potato___Late_blight,0.9968,True
Potato___Early_blight,Potato___Early_blight,0.9999,True
Potato___Early_blight,Potato___Early_blight,0.9977,True
Potato___Late_blight,Potato___Late_blight,0.5303,True
Potato___Late_blight,Potato___Late_blight,0.9786,True
Potato___Late_blight,Potato___Late_blight,0.5606,True
Potato___Late_blight,Potato___Late_blight,0.9999,True
Potato___Late_blight,Potato___Late_blight,1.0000,True
Potato___Early_blight,Potato___Early_blight,0.9814,True
Potato___Late_blight,Potato___Late_blight,0.9991,True
Potato___Early_blight,Potato___Early_blight,1.0000,True
Potato___Early_blight,Potato___Early_blight,0.9962,True
Potato___Early_blight,Potato___Early_blight,0.9997,True
Potato___Late_blight,Potato___Late_blight,0.9140,True
Potato___Early_blight,Potato___Early_blight,0.9952,True
Potato___Early_blight,Potato___Early_blight,0.9386,True
Potato___Early_blight,Potato___Early_blight,0.9974,True
Potato___Early_blight,Potato___Early_blight,0.9939,True
Potato___Late_blight,Potato___Late_blight,0.9023,True
Potato___Early_blight,Potato___Early_blight,0.9990,True
Potato___Late_blight,Potato___Late_blight,0.9805,True
Potato___Early_blight,Potato___Early_blight,0.9992,True
Potato___Early_blight,Potato___Early_blight,0.9975,True
Potato___Late_blight,Potato___Late_blight,0.9938,True
Potato___Early_blight,Potato___Early_blight,0.9919,True
Potato___Early_blight,Potato___Early_blight,0.9999,True
Potato___Late_blight,Potato___Late_blight,0.9995,True
Potato___Late_blight,Potato___Late_blight,0.9964,True
Potato___Late_blight,Potato___Late_blight,0.8646,True
Potato___Late_blight,Potato___Late_blight,0.9802,True
Potato___Late_blight,Potato___Late_blight,0.9425,True
Potato___Early_blight,Potato___Early_blight,0.6925,True
Potato___Late_blight,Potato___Late_blight,0.9985,True
Potato___Late_blight,Potato___Late_blight,0.9942,True
Potato___Late_blight,Potato___Late_blight,0.8075,True
Potato___Early_blight,Potato___Early_blight,0.9997,True
Potato___Early_blight,Potato___Early_blight,0.9959,True
Potato___Early_blight,Potato___Early_blight,0.9984,True
Potato___Early_blight,Potato___Early_blight,0.9774,True
Potato___Late_blight,Potato___Late_blight,0.9997,True
Potato___Late_blight,Potato___Late_blight,0.7138,True
Potato___Late_blight,Potato___Late_blight,0.9969,True
Potato___Early_blight,Potato___Early_blight,0.9724,True
Potato___Early_blight,Potato___Early_blight,0.9645,True
Potato___Late_blight,Potato___Late_blight,0.9999,True
Potato___Late_blight,Potato___Late_blight,0.9864,True
Potato___Late_blight,Potato___Late_blight,0.9888,True
Potato___Early_blight,Potato___Early_blight,0.9503,True
Potato___Late_blight,Potato___Late_blight,0.9801,True
Potato___Late_blight,Potato___Late_blight,0.9999,True
Potato___Early_blight,Potato___Early_blight,0.9998,True
Potato___healthy,Potato___healthy,0.9642,True
Potato___Late_blight,Potato___Late_blight,0.7916,True
Potato___Early_blight,Potato___Early_blight,0.9977,True
Potato___Early_blight,Potato___Early_blight,0.4527,True
Potato___Late_blight,Potato___Late_blight,0.9936,True
Potato___Early_blight,Potato___Early_blight,0.9952,True
Potato___Early_blight,Potato___Early_blight,0.9863,True
Potato___Late_blight,Potato___Late_blight,0.9939,True
Potato___Early_blight,Potato___Early_blight,0.9916,True
Potato___Early_blight,Potato___Early_blight,0.9997,True
Potato___Late_blight,Potato___Late_blight,0.9996,True
Potato___Early_blight,Potato___Early_blight,0.9742,True
Potato___Early_blight,Potato___Early_blight,0.9034,True
Potato___Early_blight,Potato___Early_blight,0.9934,True
Potato___Late_blight,Potato___Late_blight,0.9810,True
Potato___Early_blight,Potato___Early_blight,0.9974,True
Potato___Early_blight,Potato___Early_blight,0.9932,True
Potato___Late_blight,Potato___Late_blight,0.9999,True
Potato___Late_blight,Potato___Late_blight,0.9907,True
Potato___Late_blight,Potato___Late_blight,0.9999,True
Potato___Early_blight,Potato___Early_blight,0.9577,True
Potato___Late_blight,Potato___Late_blight,0.9143,True
Potato___Early_blight,Potato___Early_blight,0.9957,True
Potato___Late_blight,Potato___Late_blight,0.7372,True
Potato___Late_blight,Potato___Late_blight,0.7280,True
Potato___Early_blight,Potato___Early_blight,0.9852,True
Potato___healthy,Potato___healthy,0.9954,True
Potato___Early_blight,Potato___Early_blight,0.9989,True
Potato___Late_blight,Potato___Late_blight,0.9997,True
Potato___Late_blight,Potato___Late_blight,0.9971,True
Potato___Late_blight,Potato___Late_blight,0.9846,True
Potato___Late_blight,Potato___Late_blight,0.9223,True
Potato___Early_blight,Potato___Early_blight,0.9964,True
Potato___Late_blight,Potato___Late_blight,0.9827,True
Potato___Early_blight,Potato___Early_blight,0.9921,True
Potato___Late_blight,Potato___Late_blight,0.9984,True
Potato___Early_blight,Potato___Early_blight,0.9918,True
Potato___Early_blight,Potato___Early_blight,0.9989,True
Potato___Late_blight,Potato___Late_blight,0.9430,True
Potato___Early_blight,Potato___Early_blight,0.9601,True
Potato___Early_blight,Potato___Early_blight,0.8661,True
Potato___Early_blight,Potato___Early_blight,0.9963,True
Potato___Early_blight,Potato___Early_blight,0.9991,True
Potato___Early_blight,Potato___Early_blight,0.9969,True
Potato___Late_blight,Potato___Late_blight,0.9919,True
Potato___Late_blight,Potato___Late_blight,0.9999,True
Potato___Late_blight,Potato___Late_blight,0.9976,True
Potato___Early_blight,Potato___Early_blight,0.9826,True
Potato___Early_blight,Potato___Early_blight,0.9996,True
Potato___Early_blight,Potato___Early_blight,0.9751,True
Potato___Early_blight,Potato___Early_blight,0.9971,True
Potato___Late_blight,Potato___Late_blight,0.5480,True
Potato___Late_blight,Potato___Late_blight,0.9376,True
Potato___Early_blight,Potato___Early_blight,0.9968,True
Potato___Late_blight,Potato___Late_blight,0.9875,True
Potato___Late_blight,Potato___Late_blight,0.6145,True
Potato___healthy,Potato___healthy,0.9270,True
Potato___Early_blight,Potato___Early_blight,0.9933,True
Potato___Early_blight,Potato___Early_blight,0.9996,True
Potato___Late_blight,Potato___Late_blight,0.8314,True
Potato___Early_blight,Potato___Early_blight,0.9848,True
Potato___Late_blight,Potato___Late_blight,0.9989,True
Potato___Late_blight,Potato___Late_blight,0.9984,True
Potato___Late_blight,Potato___Late_blight,0.9919,True
Potato___healthy,Potato___healthy,0.9753,True
Potato___Early_blight,Potato___Early_blight,0.9873,True
Potato___Early_blight,Potato___Early_blight,1.0000,True
Potato___Late_blight,Potato___Late_blight,0.5484,True
Potato___healthy,Potato___healthy,0.9183,True
Potato___Early_blight,Potato___Early_blight,0.9950,True
Potato___Late_blight,Potato___Late_blight,0.9988,True
Potato___Late_blight,Potato___Late_blight,0.9990,True
Potato___Early_blight,Potato___Early_blight,0.9994,True
Potato___Late_blight,Potato___Late_blight,0.9990,True
Potato___Late_blight,Potato___Late_blight,0.9039,True
Potato___Late_blight,Potato___Late_blight,0.9473,True
Potato___Early_blight,Potato___Early_blight,0.9977,True
Potato___Late_blight,Potato___Late_blight,0.9864,True
Potato___Early_blight,Potato___Early_blight,0.9981,True
Potato___Late_blight,Potato___Late_blight,0.8622,True
Potato___Late_blight,Potato___Late_blight,0.9992,True
Potato___Early_blight,Potato___Early_blight,0.9989,True
Potato___Early_blight,Potato___Early_blight,0.9987,True
Potato___Early_blight,Potato___Early_blight,0.9953,True
Potato___Early_blight,Potato___Early_blight,0.9968,True
Potato___healthy,Potato___healthy,0.9338,True
Potato___healthy,Potato___healthy,0.9266,True
Potato___Late_blight,Potato___Late_blight,0.9998,True
Potato___Late_blight,Potato___Late_blight,0.9919,True
Potato___Early_blight,Potato___Early_blight,0.9712,True
Potato___Early_blight,Potato___Early_blight,0.9857,True
Potato___Early_blight,Potato___Early_blight,0.9984,True
Potato___Early_blight,Potato___Early_blight,0.9964,True
Potato___Early_blight,Potato___Early_blight,0.9993,True
Potato___Late_blight,Potato___Late_blight,0.9940,True
Potato___Early_blight,Potato___Early_blight,0.9820,True
Potato___healthy,Potato___healthy,0.9748,True
Potato___Early_blight,Potato___Early_blight,0.9172,True
Potato___Early_blight,Potato___Early_blight,0.9984,True
Potato___Early_blight,Potato___Early_blight,0.9653,True
Potato___Late_blight,Potato___Late_blight,0.9938,True
Potato___Late_blight,Potato___Late_blight,0.7424,True
Potato___Late_blight,Potato___Late_blight,0.9950,True
Potato___Early_blight,Potato___Early_blight,0.9994,True
Potato___Late_blight,Potato___Late_blight,0.8914,True
Potato___Early_blight,Potato___Early_blight,0.9993,True
Potato___Early_blight,Potato___Early_blight,0.9968,True
Potato___Late_blight,Potato___Late_blight,0.8691,True
Potato___Late_blight,Potato___Late_blight,0.9928,True
Potato___Early_blight,Potato___Early_blight,1.0000,True
Potato___Late_blight,Potato___Late_blight,0.9419,True
Potato___Late_blight,Potato___Late_blight,0.8432,True
Potato___Late_blight,Potato___Late_blight,0.9971,True
Potato___Late_blight,Potato___Late_blight,0.9970,True
Potato___Early_blight,Potato___Early_blight,0.9933,True
Potato___Early_blight,Potato___Early_blight,0.9437,True
Potato___Late_blight,Potato___Late_blight,0.7280,True
Potato___Late_blight,Potato___Late_blight,0.9952,True
Potato___Early_blight,Potato___Early_blight,0.9911,True
Potato___Late_blight,Potato___Late_blight,0.9863,True
Potato___Early_blight,Potato___Early_blight,0.9897,True
Potato___Late_blight,Potato___Late_blight,0.8641,True
Potato___Late_blight,Potato___Late_blight,0.9990,True
Potato___Late_blight,Potato___Late_blight,0.9298,True
Potato___Early_blight,Potato___Early_blight,0.9993,True
Potato___Early_blight,Potato___Early_blight,0.9063,True
Potato___Late_blight,Potato___Late_blight,0.9952,True
Potato___Late_blight,Potato___Late_blight,0.9894,True
Potato___Late_blight,Potato___Late_blight,0.9998,True
Potato___Early_blight,Potato___Early_blight,0.9986,True
Potato___Early_blight,Potato___Early_blight,0.9931,True
Potato___Late_blight,Potato___Late_blight,0.9999,True
Potato___Late_blight,Potato___Late_blight,0.9937,True
Potato___Late_blight,Potato___Late_blight,0.7662,True
Potato___Early_blight,Potato___Early_blight,0.9990,True
Potato___Early_blight,Potato___Early_blight,0.9768,True
Potato___Late_blight,Potato___Late_blight,0.9971,True
Potato___Early_blight,Potato___Early_blight,0.9976,True
Potato___Late_blight,Potato___Late_blight,0.9992,True
Potato___Late_blight,Potato___Late_blight,0.9993,True
Potato___Late_blight,Potato___Late_blight,0.9996,True
Potato___Early_blight,Potato___Early_blight,0.9953,True
Potato___Early_blight,Potato___Early_blight,0.9825,True
Potato___Early_blight,Potato___Early_blight,0.9838,True
Potato___Early_blight,Potato___Early_blight,0.9987,True
Potato___Early_blight,Potato___Early_blight,0.9806,True
Potato___Late_blight,Potato___Late_blight,0.9887,True
Potato___Early_blight,Potato___Early_blight,0.9881,True
Potato___Late_blight,Potato___Late_blight,0.9806,True
Potato___Late_blight,Potato___Late_blight,0.9998,True
Potato___Late_blight,Potato___Late_blight,0.9615,True
Potato___Late_blight,Potato___Late_blight,0.9840,True
Potato___healthy,Potato___healthy,0.9955,True
Potato___Late_blight,Potato___Late_blight,0.9814,True
Potato___Early_blight,Potato___Early_blight,0.9677,True
Potato___Early_blight,Potato___Early_blight,0.9745,True
Potato___Late_blight,Potato___Late_blight,0.7024,True
Potato___Early_blight,Potato___Early_blight,0.9286,True
Potato___Early_blight,Potato___Early_blight,0.9962,True
Potato___Early_blight,Potato___Early_blight,0.9996,True
Potato___Early_blight,Potato___Early_blight,0.9698,True
Potato___Early_blight,Potato___Early_blight,0.9877,True
Potato___Early_blight,Potato___Early_blight,0.9981,True
Potato___Late_blight,Potato___Late_blight,0.9300,True
Potato___Late_blight,Potato___Late_blight,0.9775,True
Potato___Early_blight,Potato___Early_blight,0.9899,True
Potato___Early_blight,Potato___Early_blight,0.9956,True
Potato___Late_blight,Potato___Late_blight,1.0000,True
Potato___Late_blight,Potato___Late_blight,0.9996,True
Potato___Late_blight,Potato___Late_blight,0.8222,True
Potato___Early_blight,Potato___Early_blight,0.9971,True
Potato___Early_blight,Potato___Early_blight,1.0000,True
Potato___Late_blight,Potato___Late_blight,0.9995,True
Potato___Late_blight,Potato___Late_blight,1.0000,True
Potato___Early_blight,Potato___Late_blight,0.6637,False
Potato___Early_blight,Potato___Early_blight,0.9987,True
Potato___healthy,Potato___healthy,0.9716,True
Potato___Late_blight,Potato___Late_blight,0.7248,True
Potato___Late_blight,Potato___Late_blight,0.9147,True
Potato___Late_blight,Potato___Late_blight,0.9103,True
Potato___Early_blight,Potato___Early_blight,0.9921,True
Potato___Early_blight,Potato___Early_blight,0.9743,True
Potato___Late_blight,Potato___Late_blight,0.9872,True
Potato___Early_blight,Potato___Early_blight,0.9998,True
Potato___Early_blight,Potato___Early_blight,0.9995,True
Potato___Early_blight,Potato___Early_blight,0.9981,True
Potato___Late_blight,Potato___Late_blight,0.9819,True
Potato___Late_blight,Potato___Late_blight,0.9367,True
Potato___Early_blight,Potato___Early_blight,0.9953,True
Potato___Early_blight,Potato___Early_blight,0.9987,True
Potato___Early_blight,Potato___Early_blight,0.9957,True
Potato___Late_blight,Potato___Late_blight,0.9930,True
Potato___Early_blight,Potato___Early_blight,0.9185,True
Potato___Early_blight,Potato___Early_blight,0.9980,True
Potato___Late_blight,Potato___Late_blight,0.9497,True
Potato___healthy,Potato___healthy,0.7800,True
Potato___Early_blight,Potato___Early_blight,0.9959,True
Potato___Early_blight,Potato___Early_blight,0.9993,True
Potato___Late_blight,Potato___Late_blight,1.0000,True
Potato___Early_blight,Potato___Early_blight,0.9996,True
Potato___Late_blight,Potato___Late_blight,0.9996,True
Potato___Early_blight,Potato___Early_blight,0.9901,True
Potato___Late_blight,Potato___Late_blight,0.8809,True
Potato___Early_blight,Potato___Early_blight,0.9563,True
Potato___Late_blight,Potato___Late_blight,0.9820,True
Potato___Early_blight,Potato___Early_blight,0.9990,True
Potato___Early_blight,Potato___Early_blight,0.9987,True
Potato___Early_blight,Potato___Early_blight,0.9995,True
Potato___Late_blight,Potato___Late_blight,0.9908,True
Potato___Early_blight,Potato___Early_blight,0.9745,True
Potato___Late_blight,Potato___Late_blight,0.9424,True
Potato___Early_blight,Potato___Early_blight,0.9974,True
Potato___Early_blight,Potato___Early_blight,0.9986,True
Potato___Early_blight,Potato___Early_blight,0.9827,True
Potato___Early_blight,Potato___Early_blight,0.9568,True
Potato___Late_blight,Potato___Late_blight,0.8946,True
Potato___Late_blight,Potato___Late_blight,0.8710,True
Potato___healthy,Potato___healthy,0.9699,True
Potato___Early_blight,Potato___Late_blight,0.8677,False
Potato___Late_blight,Potato___Late_blight,0.9981,True
Potato___Early_blight,Potato___Early_blight,0.9984,True
Potato___Late_blight,Potato___Late_blight,0.9177,True
Potato___Early_blight,Potato___Early_blight,0.9983,True
Potato___Early_blight,Potato___Early_blight,0.9500,True
Potato___Early_blight,Potato___Early_blight,0.9139,True
Potato___Early_blight,Potato___Early_blight,0.9773,True
Potato___Late_blight,Potato___Late_blight,0.9998,True
Potato___Late_blight,Potato___Late_blight,0.9976,True
Potato___Late_blight,Potato___Late_blight,0.9940,True
Potato___Late_blight,Potato___Late_blight,0.9999,True
Potato___Early_blight,Potato___Early_blight,0.9986,True
Potato___Late_blight,Potato___Late_blight,0.9987,True
Potato___Early_blight,Potato___Early_blight,0.9985,True
Potato___Late_blight,Potato___Late_blight,0.9978,True
Potato___Early_blight,Potato___Early_blight,0.9956,True
Potato___Late_blight,Potato___Late_blight,0.9988,True
Potato___Late_blight,Potato___Late_blight,0.9973,True
Potato___Late_blight,Potato___Late_blight,0.9986,True
Potato___Late_blight,Potato___Late_blight,0.9997,True
Potato___Early_blight,Potato___Early_blight,0.9995,True
Potato___Early_blight,Potato___Early_blight,0.9642,True
Potato___healthy,Potato___healthy,0.9197,True
Potato___Late_blight,Potato___Late_blight,0.9990,True
Potato___Early_blight,Potato___Early_blight,0.9982,True
Potato___Late_blight,Potato___Late_blight,0.9986,True
Potato___Early_blight,Potato___Early_blight,0.9996,True
Potato___healthy,Potato___healthy,0.9745,True
Potato___Early_blight,Potato___Early_blight,0.9993,True
Potato___Early_blight,Potato___Early_blight,0.9961,True
Potato___Late_blight,Potato___Late_blight,0.9982,True
Potato___Early_blight,Potato___Early_blight,0.9999,True
Potato___Late_blight,Potato___Late_blight,0.9999,True
Potato___Early_blight,Potato___Early_blight,0.9854,True
Potato___Early_blight,Potato___Early_blight,1.0000,True
Potato___Early_blight,Potato___Early_blight,0.9959,True
Potato___Late_blight,Potato___Late_blight,0.9768,True
Potato___Late_blight,Potato___Late_blight,0.9993,True
Potato___Early_blight,Potato___Late_blight,0.5033,False
Potato___healthy,Potato___healthy,0.9718,True
Potato___Late_blight,Potato___Late_blight,0.9232,True
Potato___Early_blight,Potato___Early_blight,0.9266,True
Potato___Early_blight,Potato___Early_blight,0.9758,True
Potato___Early_blight,Potato___Early_blight,0.9936,True
Potato___Early_blight,Potato___Early_blight,0.9930,True
Potato___Early_blight,Potato___Early_blight,0.9613,True
Potato___Early_blight,Potato___Early_blight,0.9995,True
Potato___Late_blight,Potato___Late_blight,0.9990,True
Potato___Late_blight,Potato___Late_blight,0.7150,True
Potato___Late_blight,Potato___Late_blight,0.9996,True
Potato___Late_blight,Potato___Late_blight,0.9688,True
Potato___Late_blight,Potato___Late_blight,0.9896,True
Potato___Early_blight,Potato___Early_blight,0.9986,True
Potato___Early_blight,Potato___Early_blight,0.9986,True
Potato___Early_blight,Potato___Early_blight,0.9890,True
Potato___Late_blight,Potato___Late_blight,0.9972,True
Potato___Early_blight,Potato___Early_blight,0.9967,True
Potato___Late_blight,Potato___Late_blight,0.9999,True
Potato___Early_blight,Potato___Early_blight,0.9993,True
Potato___Early_blight,Potato___Early_blight,0.9640,True
Potato___Early_blight,Potato___Early_blight,0.9995,True
Potato___Late_blight,Potato___Late_blight,0.9359,True
Potato___Late_blight,Potato___Late_blight,0.9896,True
Potato___Early_blight,Potato___Early_blight,0.9589,True
Potato___Early_blight,Potato___Early_blight,0.9859,True
Potato___Late_blight,Potato___Late_blight,0.9991,True
Potato___Early_blight,Potato___Early_blight,0.8838,True
Potato___Late_blight,Potato___Late_blight,0.9992,True
Potato___Late_blight,Potato___Late_blight,0.9993,True
Potato___Early_blight,Potato___Early_blight,0.9969,True
Potato___Early_blight,Potato___Early_blight,0.9918,True
Potato___Late_blight,Potato___Late_blight,0.9978,True
Potato___Early_blight,Potato___Early_blight,0.9999,True
Potato___healthy,Potato___healthy,0.9785,True
Potato___Late_blight,Potato___Late_blight,0.9963,True
Potato___Late_blight,Potato___Late_blight,0.9903,True
Potato___Late_blight,Potato___Late_blight,0.9967,True
Potato___Late_blight,Potato___Late_blight,0.9639,True
Potato___Early_blight,Potato___Early_blight,0.9978,True
Potato___Late_blight,Potato___Late_blight,0.9685,True
Potato___Early_blight,Potato___Early_blight,0.9788,True
Potato___Late_blight,Potato___Late_blight,0.9991,True
Potato___Early_blight,Potato___Early_blight,0.9973,True
Potato___Early_blight,Potato___Early_blight,0.9983,True
Potato___Early_blight,Potato___Early_blight,0.9294,True
Potato___healthy,Potato___healthy,0.9915,True
Potato___Late_blight,Potato___Late_blight,0.9991,True
Potato___Early_blight,Potato___Early_blight,0.9992,True
Potato___Late_blight,Potato___Late_blight,0.9946,True
Potato___healthy,Potato___healthy,0.8165,True
Potato___Late_blight,Potato___Late_blight,0.9955,True
Potato___Late_blight,Potato___Late_blight,0.9415,True
Potato___Late_blight,Potato___Late_blight,0.9996,True
Potato___Early_blight,Potato___Early_blight,0.9983,True
Potato___Late_blight,Potato___Late_blight,0.9984,True
Potato___Late_blight,Potato___Late_blight,0.5450,True
Potato___Late_blight,Potato___Late_blight,0.9992,True
Potato___Late_blight,Potato___Late_blight,0.9613,True
Potato___Late_blight,Potato___Late_blight,0.8188,True
Potato___Late_blight,Potato___Late_blight,0.9955,True
Potato___Late_blight,Potato___Late_blight,0.9896,True
Potato___healthy,Potato___healthy,0.9113,True
Potato___Early_blight,Potato___Early_blight,0.9978,True
Potato___Early_blight,Potato___Early_blight,0.9717,True
Potato___Late_blight,Potato___Late_blight,0.9944,True
Potato___Early_blight,Potato___Early_blight,0.9975,True
Potato___Early_blight,Potato___Early_blight,0.8838,True
Potato___Late_blight,Potato___Late_blight,0.9994,True
Potato___Early_blight,Potato___Early_blight,0.9671,True
Potato___Late_blight,Potato___Late_blight,0.9590,True
Potato___Late_blight,Potato___Late_blight,0.9295,True
Potato___Late_blight,Potato___Late_blight,0.9491,True
Potato___Early_blight,Potato___Early_blight,0.9960,True
Potato___healthy,Potato___healthy,0.9335,True
Potato___Late_blight,Potato___Late_blight,0.9957,True
Potato___Late_blight,Potato___Late_blight,0.9921,True
Potato___Late_blight,Potato___Late_blight,0.9981,True
Potato___Late_blight,Potato___Late_blight,0.9998,True
Potato___Early_blight,Potato___Early_blight,0.9997,True
Potato___Early_blight,Potato___Early_blight,0.9870,True
Potato___Late_blight,Potato___Late_blight,0.8406,True
Potato___Early_blight,Potato___Early_blight,0.9999,True
Potato___Early_blight,Potato___healthy,0.6193,False
Potato___Early_blight,Potato___Early_blight,0.9961,True
Potato___Early_blight,Potato___Early_blight,0.9896,True
Potato___Early_blight,Potato___Early_blight,0.9973,True
Potato___Late_blight,Potato___Late_blight,0.6881,True
Potato___Late_blight,Potato___Late_blight,0.9931,True
Potato___healthy,Potato___healthy,0.9632,True
Potato___Early_blight,Potato___Early_blight,0.9981,True
Potato___Early_blight,Potato___Early_blight,0.9982,True
Potato___Late_blight,Potato___Late_blight,0.9378,True
Potato___Early_blight,Potato___Early_blight,0.9992,True
Potato___Early_blight,Potato___Early_blight,0.9978,True
Potato___Late_blight,Potato___Late_blight,0.9883,True
Potato___Late_blight,Potato___Late_blight,0.9097,True
Potato___Early_blight,Potato___Early_blight,0.9972,True
Potato___Early_blight,Potato___Early_blight,0.9994,True
Potato___Late_blight,Potato___Late_blight,0.9761,True
Potato___Late_blight,Potato___Late_blight,0.9911,True
Potato___Late_blight,Potato___Late_blight,0.9702,True
Potato___Early_blight,Potato___Early_blight,0.9993,True
Potato___Early_blight,Potato___Early_blight,0.9959,True
Potato___Late_blight,Potato___Late_blight,0.9904,True
Potato___Early_blight,Potato___Early_blight,0.9998,True
Potato___Early_blight,Potato___Early_blight,0.9986,True
Potato___Late_blight,Potato___Late_blight,0.9127,True
Potato___Early_blight,Potato___Early_blight,0.9924,True
Potato___Late_blight,Potato___Late_blight,1.0000,True
Potato___Late_blight,Potato___Late_blight,0.9780,True
Potato___Early_blight,Potato___Early_blight,1.0000,True
Potato___Late_blight,Potato___Late_blight,0.9995,True
Potato___Late_blight,Potato___Late_blight,0.7311,True
Potato___Early_blight,Potato___Early_blight,0.9996,True
Potato___Late_blight,Potato___Late_blight,0.9548,True
Potato___Early_blight,Potato___Early_blight,0.7078,True
Potato___Early_blight,Potato___Early_blight,0.9999,True
Potato___Late_blight,Potato___Late_blight,0.6904,True
Potato___Early_blight,Potato___Early_blight,0.9305,True
Potato___Early_blight,Potato___Early_blight,0.9997,True
Potato___healthy,Potato___healthy,0.5219,True
Potato___healthy,Potato___healthy,0.9700,True
Potato___healthy,Potato___healthy,0.7972,True
Potato___Early_blight,Potato___Early_blight,0.9995,True
Potato___Early_blight,Potato___Early_blight,0.9992,True
Potato___Late_blight,Potato___Late_blight,0.9989,True
Potato___Late_blight,Potato___Late_blight,0.9653,True
Potato___Early_blight,Potato___Early_blight,0.9998,True
Potato___Early_blight,Potato___Early_blight,0.9999,True
Potato___Late_blight,Potato___Late_blight,0.9989,True
Potato___Early_blight,Potato___Early_blight,0.9532,True
Potato___Late_blight,Potato___Late_blight,0.9899,True
Potato___Late_blight,Potato___Late_blight,0.9989,True
Potato___Late_blight,Potato___Late_blight,0.9997,True
Potato___Early_blight,Potato___Early_blight,0.9563,True
Potato___healthy,Potato___healthy,0.9723,True
Potato___Early_blight,Potato___Early_blight,0.9996,True
Potato___Late_blight,Potato___Late_blight,0.9136,True
Potato___healthy,Potato___healthy,0.9160,True
Potato___Late_blight,Potato___Late_blight,0.9948,True
Potato___Late_blight,Potato___Late_blight,0.9983,True
Potato___healthy,Potato___healthy,0.9747,True
Potato___Late_blight,Potato___Late_blight,0.9685,True
Potato___Early_blight,Potato___Early_blight,0.9997,True
Potato___Late_blight,Potato___Late_blight,0.9781,True
Potato___Late_blight,Potato___Late_blight,0.9903,True
Potato___Late_blight,Potato___Late_blight,0.9037,True
Potato___healthy,Potato___healthy,0.4590,True
Potato___Late_blight,Potato___Late_blight,0.9952,True
Potato___Late_blight,Potato___Late_blight,0.9991,True
Potato___Late_blight,Potato___Late_blight,0.9959,True
Potato___Late_blight,Potato___Late_blight,1.0000,True
Potato___Early_blight,Potato___Early_blight,0.9907,True
Potato___Late_blight,Potato___Late_blight,0.9866,True
Potato___Early_blight,Potato___Early_blight,1.0000,True
Potato___Early_blight,Potato___Early_blight,0.9642,True
Potato___Early_blight,Potato___Early_blight,0.9874,True
Potato___Early_blight,Potato___Early_blight,0.9031,True
Potato___Early_blight,Potato___Early_blight,0.9996,True
Potato___Late_blight,Potato___Late_blight,0.9939,True
Potato___Early_blight,Potato___Early_blight,0.9996,True
Potato___Early_blight,Potato___Early_blight,1.0000,True
Potato___Early_blight,Potato___Early_blight,0.9900,True
Potato___Early_blight,Potato___Early_blight,0.9994,True
Potato___Early_blight,Potato___Early_blight,0.9970,True
Potato___Early_blight,Potato___Early_blight,0.9991,True
Potato___Late_blight,Potato___Late_blight,0.9200,True
Potato___Late_blight,Potato___Late_blight,0.9999,True
Potato___Late_blight,Potato___Late_blight,0.9839,True
Potato___healthy,Potato___healthy,0.9859,True
Potato___Late_blight,Potato___Late_blight,0.9937,True
Potato___Early_blight,Potato___Early_blight,0.9995,True
Potato___Late_blight,Potato___Late_blight,0.9999,True
Potato___healthy,Potato___healthy,0.6216,True
Potato___Early_blight,Potato___Early_blight,0.9996,True
Potato___Late_blight,Potato___Late_blight,0.9469,True
Potato___Late_blight,Potato___Late_blight,0.9996,True
Potato___Late_blight,Potato___Late_blight,0.9989,True
Potato___Early_blight,Potato___Early_blight,0.9944,True
Potato___Late_blight,Potato___Late_blight,0.9993,True
Potato___Early_blight,Potato___Early_blight,0.9999,True
Potato___Early_blight,Potato___Early_blight,0.9847,True
Potato___Late_blight,Potato___Late_blight,0.9881,True
Potato___Early_blight,Potato___Early_blight,0.8765,True
Potato___Early_blight,Potato___Early_blight,0.9987,True
Potato___healthy,Potato___healthy,0.9549,True
Potato___Late_blight,Potato___Late_blight,0.9995,True
Potato___Late_blight,Potato___Late_blight,0.9583,True
Potato___Early_blight,Potato___Early_blight,0.8955,True
Potato___Late_blight,Potato___Late_blight,0.9978,True
Potato___Late_blight,Potato___Late_blight,0.9275,True
Potato___Early_blight,Potato___Early_blight,0.9558,True
Potato___healthy,Potato___healthy,0.9795,True
Potato___Early_blight,Potato___Early_blight,0.9577,True
Potato___Early_blight,Potato___Early_blight,0.7952,True
Potato___Late_blight,Potato___Late_blight,0.9920,True
Potato___Late_blight,Potato___Late_blight,0.9879,True
Potato___Early_blight,Potato___Early_blight,0.4717,True
Potato___Late_blight,Potato___Late_blight,0.9985,True
Potato___Late_blight,Potato___Late_blight,0.9993,True
Potato___Late_blight,Potato___Late_blight,0.9995,True
Potato___Late_blight,Potato___Late_blight,0.9464,True
Potato___Early_blight,Potato___Early_blight,0.9909,True
Potato___Early_blight,Potato___Early_blight,1.0000,True
Potato___Early_blight,Potato___Early_blight,0.9983,True
Potato___Late_blight,Potato___Late_blight,0.9886,True
Potato___Late_blight,Potato___Late_blight,0.9985,True
Potato___Late_blight,Potato___Late_blight,0.9997,True
Potato___Early_blight,Potato___Early_blight,0.9965,True
Potato___Late_blight,Potato___Late_blight,0.9961,True
Potato___Late_blight,Potato___Late_blight,0.9939,True
Potato___Early_blight,Potato___Early_blight,0.9984,True
Potato___Late_blight,Potato___Late_blight,0.9885,True
Potato___Early_blight,Potato___Early_blight,0.9503,True
Potato___Early_blight,Potato___Early_blight,0.9876,True
Potato___Late_blight,Potato___Late_blight,0.9600,True
Potato___Late_blight,Potato___Late_blight,0.9998,True
Potato___Early_blight,Potato___Early_blight,0.9514,True
Potato___Late_blight,Potato___Late_blight,0.7663,True
Potato___Late_blight,Potato___Late_blight,0.9971,True
Potato___Early_blight,Potato___Early_blight,0.9260,True
Potato___Late_blight,Potato___Late_blight,0.9955,True
Potato___Late_blight,Potato___Late_blight,0.9966,True
Potato___Late_blight,Potato___Late_blight,0.9325,True
Potato___Late_blight,Potato___Late_blight,0.9914,True
Potato___Early_blight,Potato___Early_blight,0.9973,True
Potato___Late_blight,Potato___Late_blight,0.9425,True
Potato___Early_blight,Potato___Early_blight,0.7592,True
Potato___Early_blight,Potato___Early_blight,0.9776,True
Potato___Late_blight,Potato___Late_blight,1.0000,True
Potato___Early_blight,Potato___Early_blight,0.9997,True
Potato___Early_blight,Potato___Early_blight,0.9902,True
Potato___Late_blight,Potato___Late_blight,0.9933,True
Potato___Late_blight,Potato___Late_blight,0.9062,True
Potato___Late_blight,Potato___Late_blight,1.0000,True
Potato___Late_blight,Potato___Late_blight,0.9985,True
Potato___Late_blight,Potato___Late_blight,0.9996,True
Potato___Late_blight,Potato___Late_blight,0.9985,True
Potato___Early_blight,Potato___Early_blight,0.9997,True
Potato___Early_blight,Potato___Early_blight,0.9993,True
Potato___Early_blight,Potato___Early_blight,0.9776,True
Potato___Early_blight,Potato___Early_blight,0.9985,True
Potato___Early_blight,Potato___Early_blight,0.9999,True
Potato___Early_blight,Potato___Early_blight,0.9869,True
Potato___Late_blight,Potato___Late_blight,0.9987,True
Potato___Early_blight,Potato___Early_blight,0.9456,True
Potato___Late_blight,Potato___Late_blight,0.8885,True
Potato___Late_blight,Potato___Late_blight,0.9553,True
Potato___Late_blight,Potato___Late_blight,0.9991,True
Potato___Early_blight,Potato___Early_blight,0.9997,True
Potato___Late_blight,Potato___Late_blight,0.9986,True
Potato___Early_blight,Potato___Early_blight,0.9994,True
Potato___Late_blight,Potato___Late_blight,0.9983,True
Potato___Late_blight,Potato___Late_blight,0.9399,True
Potato___Early_blight,Potato___Early_blight,0.9982,True
Potato___Early_blight,Potato___Early_blight,0.9981,True
Potato___Late_blight,Potato___Late_blight,0.9524,True
Potato___Early_blight,Potato___Early_blight,0.9998,True
Potato___Early_blight,Potato___Early_blight,0.9789,True
Potato___Early_blight,Potato___Early_blight,0.9993,True
Potato___Early_blight,Potato___Early_blight,0.9859,True
Potato___Early_blight,Potato___Early_blight,0.9999,True
Potato___healthy,Potato___healthy,0.9860,True
Potato___Early_blight,Potato___Early_blight,0.9994,True
Potato___Early_blight,Potato___Early_blight,0.8053,True
Potato___Early_blight,Potato___Early_blight,0.9999,True
Potato___Late_blight,Potato___Late_blight,0.7801,True
Potato___Early_blight,Potato___Early_blight,0.9997,True
Potato___Early_blight,Potato___Early_blight,0.9995,True
Potato___Late_blight,Potato___Late_blight,0.9979,True
Potato___Early_blight,Potato___Early_blight,0.9992,True
Potato___Late_blight,Potato___Late_blight,1.0000,True
Potato___Late_blight,Potato___Late_blight,0.9829,True
Potato___Early_blight,Potato___Early_blight,0.9961,True
Potato___Late_blight,Potato___Late_blight,0.9980,True
Potato___Late_blight,Potato___Late_blight,0.9979,True
Potato___Early_blight,Potato___Early_blight,0.9955,True
Potato___Early_blight,Potato___Early_blight,0.9812,True
Potato___Early_blight,Potato___Early_blight,0.9124,True
Potato___Late_blight,Potato___Late_blight,0.9913,True
Potato___Late_blight,Potato___Late_blight,0.9537,True
Potato___Late_blight,Potato___Late_blight,0.9853,True
Potato___Late_blight,Potato___Late_blight,0.9989,True
Potato___healthy,Potato___healthy,0.9784,True
Potato___Late_blight,Potato___Late_blight,0.9880,True
Potato___Early_blight,Potato___Early_blight,0.9870,True
Potato___Late_blight,Potato___Late_blight,0.9999,True
Potato___Late_blight,Potato___Late_blight,0.9859,True
Potato___Early_blight,Potato___Early_blight,0.9974,True
Potato___Late_blight,Potato___Late_blight,0.9785,True
Potato___Early_blight,Potato___Early_blight,0.9620,True
Potato___healthy,Potato___healthy,0.9839,True
Potato___Late_blight,Potato___Late_blight,0.9929,True
Potato___Late_blight,Potato___Late_blight,0.9922,True
Potato___Early_blight,Potato___Early_blight,0.9290,True
Potato___Late_blight,Potato___Late_blight,0.9431,True
Potato___Late_blight,Potato___Late_blight,0.9780,True
Potato___Late_blight,Potato___Late_blight,0.9989,True
Potato___Early_blight,Potato___Early_blight,0.9944,True
Potato___Early_blight,Potato___Early_blight,0.9917,True
Potato___Late_blight,Potato___Late_blight,0.9861,True
Potato___Early_blight,Potato___Early_blight,0.8765,True
Potato___Late_blight,Potato___Late_blight,0.9583,True
Potato___Late_blight,Potato___Late_blight,0.9192,True
Potato___Late_blight,Potato___Late_blight,0.9685,True
Potato___Late_blight,Potato___Late_blight,0.9985,True
Potato___Late_blight,Potato___Late_blight,0.8774,True
Potato___Late_blight,Potato___Late_blight,0.9994,True
Potato___healthy,Potato___healthy,0.8966,True
Potato___Late_blight,Potato___Late_blight,0.9989,True
Potato___Early_blight,Potato___Early_blight,0.9991,True
Potato___Late_blight,Potato___Late_blight,0.9703,True
Potato___Early_blight,Potato___Early_blight,0.9981,True
Potato___Early_blight,Potato___Early_blight,0.9369,True
Potato___Early_blight,Potato___Early_blight,0.9861,True
Potato___Late_blight,Potato___Late_blight,0.9999,True
Potato___Early_blight,Potato___Early_blight,0.9950,True
Potato___Late_blight,Potato___Late_blight,0.9407,True
Potato___Early_blight,Potato___Early_blight,0.9933,True
Potato___Early_blight,Potato___Early_blight,0.9742,True
Potato___Early_blight,Potato___Early_blight,0.9974,True
Potato___Late_blight,Potato___Late_blight,0.9987,True
Potato___Late_blight,Potato___Late_blight,0.9989,True
Potato___Late_blight,Potato___Late_blight,1.0000,True
Potato___Late_blight,Potato___Late_blight,0.9453,True
Potato___Early_blight,Potato___Early_blight,0.9990,True
Potato___Late_blight,Potato___Late_blight,0.9999,True
Potato___Late_blight,Potato___Late_blight,0.9973,True
Potato___Late_blight,Potato___Late_blight,0.9749,True
Potato___Early_blight,Potato___Early_blight,0.9991,True
Potato___Early_blight,Potato___Early_blight,0.9979,True
Potato___Late_blight,Potato___Late_blight,0.9998,True
Potato___Late_blight,Potato___Late_blight,0.9997,True
Potato___Early_blight,Potato___Early_blight,0.9989,True
Potato___healthy,Potato___healthy,0.9756,True
Potato___Early_blight,Potato___Early_blight,0.9999,True
Potato___Early_blight,Potato___Early_blight,0.9998,True
Potato___Late_blight,Potato___Late_blight,0.9997,True
Potato___Late_blight,Potato___Late_blight,0.9997,True
Potato___Late_blight,Potato___Late_blight,0.9703,True
Potato___Early_blight,Potato___Early_blight,0.9331,True
Potato___Late_blight,Potato___Late_blight,0.9992,True
Potato___Early_blight,Potato___Early_blight,0.8927,True
Potato___Early_blight,Potato___Early_blight,0.9205,True
Potato___Early_blight,Potato___Early_blight,0.9995,True
Potato___Late_blight,Potato___Late_blight,0.9979,True
Potato___Early_blight,Potato___Early_blight,0.9402,True
Potato___Early_blight,Potato___Early_blight,0.9983,True
Potato___Early_blight,Potato___Early_blight,0.9964,True
Potato___Early_blight,Potato___Early_blight,0.9997,True
Potato___Early_blight,Potato___Early_blight,0.9955,True
Potato___Early_blight,Potato___Early_blight,0.9999,True
Potato___Late_blight,Potato___Late_blight,0.9579,True
Potato___Late_blight,Potato___Late_blight,0.8512,True
Potato___Late_blight,Potato___Late_blight,0.9986,True
Potato___Late_blight,Potato___Late_blight,0.9990,True
Potato___Early_blight,Potato___Early_blight,0.9982,True
Potato___Late_blight,Potato___Late_blight,0.9803,True
Potato___healthy,Potato___healthy,0.9845,True
Potato___Early_blight,Potato___Early_blight,0.9975,True
Potato___Early_blight,Potato___Early_blight,0.9986,True
Potato___Late_blight,Potato___Late_blight,0.9909,True
Potato___Late_blight,Potato___Late_blight,0.8900,True
Potato___Early_blight,Potato___Early_blight,0.9887,True
Potato___Late_blight,Potato___Late_blight,0.9988,True
Potato___Late_blight,Potato___Late_blight,0.9331,True
Potato___Early_blight,Potato___Early_blight,0.9992,True
Potato___Late_blight,Potato___Late_blight,0.9840,True
Potato___Early_blight,Potato___Early_blight,0.9823,True
Potato___healthy,Potato___healthy,0.9600,True
Potato___Late_blight,Potato___Late_blight,0.9955,True
Potato___Early_blight,Potato___Early_blight,0.9997,True
Potato___Early_blight,Potato___Early_blight,0.9998,True
Potato___Late_blight,Potato___Late_blight,0.9993,True
Potato___Early_blight,Potato___Early_blight,0.9996,True
Potato___Early_blight,Potato___Early_blight,0.9990,True
Potato___Early_blight,Potato___Early_blight,0.9999,True
Potato___healthy,Potato___healthy,0.9263,True
Potato___Late_blight,Potato___Late_blight,0.9996,True
Potato___Early_blight,Potato___Early_blight,0.9997,True
Potato___Early_blight,Potato___Early_blight,0.9608,True
Potato___Late_blight,Potato___Late_blight,0.9909,True
Potato___Early_blight,Potato___Early_blight,0.9991,True
Potato___Late_blight,Potato___Late_blight,0.9872,True
Potato___healthy,Potato___healthy,0.9856,True
Potato___Early_blight,Potato___Early_blight,0.9997,True
Potato___Early_blight,Potato___Early_blight,0.9997,True
Potato___Late_blight,Potato___Late_blight,0.9808,True
Potato___Late_blight,Potato___Late_blight,0.9995,True
Potato___Early_blight,Potato___Early_blight,0.9996,True
Potato___Late_blight,Potato___Late_blight,0.9985,True
Potato___Late_blight,Potato___Late_blight,0.9461,True
Potato___Early_blight,Potato___Early_blight,0.9835,True
Potato___healthy,Potato___healthy,0.9938,True
Potato___Early_blight,Potato___Early_blight,0.9995,True
Potato___Late_blight,Potato___Late_blight,0.9706,True
Potato___Late_blight,Potato___Late_blight,1.0000,True
Potato___Late_blight,Potato___Late_blight,0.9800,True
Potato___Early_blight,Potato___Early_blight,0.9608,True
Potato___Late_blight,Potato___Late_blight,0.9999,True
Potato___Early_blight,Potato___Early_blight,0.9313,True
Potato___Early_blight,Potato___Early_blight,0.9948,True
Potato___Late_blight,Potato___Late_blight,0.9999,True
Potato___Late_blight,Potato___Late_blight,0.9833,True
Potato___Late_blight,Potato___Late_blight,0.9995,True
Potato___healthy,Potato___healthy,0.9438,True
Potato___healthy,Potato___healthy,0.9971,True
Potato___Early_blight,Potato___Early_blight,0.9003,True
Potato___Early_blight,Potato___Early_blight,0.9987,True
Potato___Early_blight,Potato___Early_blight,0.9876,True
Potato___Early_blight,Potato___Early_blight,0.9787,True
Potato___Early_blight,Potato___Early_blight,0.9988,True
Potato___Early_blight,Potato___Early_blight,0.9984,True
Potato___Early_blight,Potato___Early_blight,0.9988,True
Potato___Late_blight,Potato___Late_blight,0.5882,True
Potato___Early_blight,Potato___Early_blight,0.9989,True
Potato___healthy,Potato___healthy,0.9367,True
Potato___Early_blight,Potato___Early_blight,0.9999,True
Potato___Early_blight,Potato___Early_blight,0.9371,True
Potato___healthy,Potato___healthy,0.9272,True
Potato___healthy,Potato___healthy,0.7818,True
Potato___Late_blight,Potato___Late_blight,0.9909,True
Potato___Late_blight,Potato___Late_blight,0.9964,True
Potato___Late_blight,Potato___Late_blight,0.9595,True
Potato___Late_blight,Potato___Late_blight,0.9332,True
Potato___Early_blight,Potato___Early_blight,0.9899,True
Potato___Early_blight,Potato___Early_blight,0.9944,True
Potato___Late_blight,Potato___Late_blight,0.9885,True
Potato___Early_blight,Potato___Early_blight,0.9957,True
Potato___Early_blight,Potato___Early_blight,0.9998,True
Potato___Late_blight,Potato___Late_blight,0.9999,True
Potato___Early_blight,Potato___Early_blight,0.9961,True
Potato___Early_blight,Potato___Early_blight,0.6477,True
Potato___Early_blight,Potato___Early_blight,0.9996,True
Potato___Late_blight,Potato___Late_blight,0.9970,True
Potato___Early_blight,Potato___Early_blight,0.9862,True
Potato___Early_blight,Potato___Early_blight,0.9877,True
Potato___Early_blight,Potato___Early_blight,0.8824,True
Potato___healthy,Potato___healthy,0.8750,True
Potato___Late_blight,Potato___Late_blight,0.9880,True
Potato___Early_blight,Potato___Early_blight,0.9986,True
Potato___healthy,Potato___healthy,0.9922,True
Potato___healthy,Potato___healthy,0.9660,True
Potato___Early_blight,Potato___Early_blight,0.9998,True
Potato___Late_blight,Potato___Late_blight,0.9842,True
Potato___Late_blight,Potato___Late_blight,0.9785,True
Potato___Early_blight,Potato___Early_blight,0.7287,True
Potato___Late_blight,Potato___Late_blight,0.9989,True
Potato___healthy,Potato___healthy,0.9516,True
Potato___Early_blight,Potato___Early_blight,0.9865,True
Potato___Late_blight,Potato___Late_blight,0.9999,True
Potato___Late_blight,Potato___Late_blight,0.9997,True
Potato___Early_blight,Potato___Early_blight,0.9962,True
Potato___Early_blight,Potato___Early_blight,0.9980,True
Potato___healthy,Potato___healthy,0.7894,True
Potato___Late_blight,Potato___Late_blight,0.9897,True
Potato___Late_blight,Potato___Late_blight,0.9998,True
Potato___Late_blight,Potato___Late_blight,0.9991,True
Potato___Late_blight,Potato___Late_blight,1.0000,True
Potato___Late_blight,Potato___Late_blight,0.9964,True
Potato___Late_blight,Potato___Late_blight,0.9993,True
Potato___Late_blight,Potato___Late_blight,0.9874,True
Potato___Late_blight,Potato___Late_blight,0.9835,True
Potato___Early_blight,Potato___Early_blight,0.9993,True
Potato___Late_blight,Potato___Late_blight,0.9993,True
Potato___Early_blight,Potato___Early_blight,0.9996,True
Potato___Late_blight,Potato___Late_blight,0.9988,True
Potato___Early_blight,Potato___Early_blight,0.9688,True
Potato___Late_blight,Potato___Late_blight,0.9994,True
Potato___Early_blight,Potato___Early_blight,0.9997,True
Potato___Early_blight,Potato___Early_blight,0.9983,True
Potato___Late_blight,Potato___Late_blight,0.9964,True
Potato___Late_blight,Potato___Late_blight,0.9995,True
Potato___Early_blight,Potato___Early_blight,0.9329,True
Potato___Late_blight,Potato___Late_blight,0.9946,True
Potato___Late_blight,Potato___Late_blight,0.9810,True
Potato___Late_blight,Potato___Late_blight,0.6813,True
Potato___Late_blight,Potato___Late_blight,0.9891,True
Potato___Late_blight,Potato___Late_blight,0.9918,True
Potato___Late_blight,Potato___Late_blight,0.9991,True
Potato___healthy,Potato___healthy,0.9846,True
Potato___Early_blight,Potato___Early_blight,0.9990,True
Potato___Late_blight,Potato___Late_blight,0.9975,True
Potato___healthy,Potato___healthy,0.9951,True
Potato___Early_blight,Potato___Early_blight,0.9995,True
Potato___Early_blight,Potato___Early_blight,0.9989,True
Potato___healthy,Potato___healthy,0.9825,True
Potato___Late_blight,Potato___Late_blight,0.9584,True
Potato___Early_blight,Potato___Early_blight,0.7613,True
Potato___Late_blight,Potato___Late_blight,1.0000,True
Potato___Late_blight,Potato___Late_blight,0.6437,True
Potato___Late_blight,Potato___Late_blight,0.7743,True
Potato___Early_blight,Potato___Early_blight,0.9992,True
Potato___Late_blight,Potato___Late_blight,0.8889,True
Potato___Late_blight,Potato___Late_blight,0.9993,True
Potato___Early_blight,Potato___Early_blight,0.9824,True
Potato___Early_blight,Potato___Early_blight,0.9572,True
Potato___Early_blight,Potato___Early_blight,0.9940,True
Potato___Early_blight,Potato___Early_blight,0.9888,True
Potato___Early_blight,Potato___Early_blight,0.9993,True
Potato___Early_blight,Potato___Early_blight,0.9906,True
Potato___Late_blight,Potato___Late_blight,0.9999,True
Potato___Late_blight,Potato___Late_blight,0.9860,True
Potato___Early_blight,Potato___Early_blight,0.9893,True
Potato___Early_blight,Potato___Early_blight,0.9661,True
Potato___Early_blight,Potato___Early_blight,1.0000,True
Potato___Early_blight,Potato___Early_blight,0.9979,True
Potato___Late_blight,Potato___Late_blight,0.9940,True
Potato___Late_blight,Potato___Late_blight,0.9891,True
Potato___Late_blight,Potato___Late_blight,0.9348,True
Potato___Early_blight,Potato___Early_blight,0.9962,True
Potato___Late_blight,Potato___Late_blight,0.9069,True
Potato___Late_blight,Potato___Late_blight,0.9498,True
Potato___Early_blight,Potato___Early_blight,0.8356,True
Potato___Early_blight,Potato___Early_blight,1.0000,True
Potato___Early_blight,Potato___Early_blight,0.9972,True
Potato___Late_blight,Potato___Late_blight,0.9935,True
Potato___Late_blight,Potato___Late_blight,0.7412,True
Potato___Late_blight,Potato___Late_blight,0.9565,True
Potato___healthy,Potato___healthy,0.9720,True
Potato___Early_blight,Potato___Early_blight,1.0000,True
Potato___Early_blight,Potato___Early_blight,0.9652,True
Potato___Early_blight,Potato___Early_blight,0.9756,True
Potato___Early_blight,Potato___Early_blight,0.9950,True
Potato___Early_blight,Potato___Early_blight,0.9894,True
Potato___Early_blight,Potato___Early_blight,0.9970,True
Potato___Early_blight,Potato___Early_blight,0.9525,True
Potato___Late_blight,Potato___Late_blight,0.9988,True
Potato___Late_blight,Potato___Late_blight,0.9902,True
Potato___Late_blight,Potato___Late_blight,0.9994,True
Potato___Late_blight,Potato___Late_blight,0.9850,True
Potato___Late_blight,Potato___Late_blight,0.9782,True
Potato___Late_blight,Potato___Late_blight,0.9932,True
Potato___Early_blight,Potato___Early_blight,0.9987,True
Potato___Early_blight,Potato___Early_blight,0.9997,True
Potato___Early_blight,Potato___Early_blight,0.9995,True
Potato___Early_blight,Potato___Early_blight,0.9355,True
Potato___Late_blight,Potato___Late_blight,0.9999,True
Potato___Late_blight,Potato___Late_blight,0.9992,True
Potato___Early_blight,Potato___Early_blight,0.9865,True
Potato___Early_blight,Potato___Early_blight,0.9964,True
Potato___Early_blight,Potato___Early_blight,0.9978,True
Potato___Late_blight,Potato___Late_blight,0.9998,True
Potato___Late_blight,Potato___Late_blight,0.9841,True
Potato___Early_blight,Potato___Early_blight,0.9941,True
Potato___Late_blight,Potato___Late_blight,0.9476,True
Potato___Early_blight,Potato___Early_blight,0.9864,True
Potato___healthy,Potato___healthy,0.9686,True
Potato___Early_blight,Potato___Early_blight,0.9985,True
Potato___Late_blight,Potato___Late_blight,0.6932,True
Potato___healthy,Potato___healthy,0.9821,True
Potato___Late_blight,Potato___Late_blight,0.9486,True
Potato___Late_blight,Potato___Late_blight,0.9983,True
Potato___Late_blight,Potato___Late_blight,0.9999,True
Potato___Late_blight,Potato___Late_blight,0.9985,True
Potato___Late_blight,Potato___Late_blight,1.0000,True
Potato___Late_blight,Potato___Late_blight,0.9883,True
Potato___Late_blight,Potato___Late_blight,0.9978,True
Potato___Early_blight,Potato___Early_blight,0.8365,True
Potato___Late_blight,Potato___Late_blight,0.9988,True
Potato___Early_blight,Potato___Early_blight,0.9825,True
Potato___Late_blight,Potato___Late_blight,0.9892,True
Potato___Late_blight,Potato___Late_blight,1.0000,True
Potato___healthy,Potato___healthy,0.8750,True
Potato___Late_blight,Potato___Late_blight,0.9781,True
Potato___healthy,Potato___healthy,0.9922,True
Potato___Late_blight,Potato___Late_blight,0.9768,True
Potato___Late_blight,Potato___Late_blight,0.9772,True
Potato___Late_blight,Potato___Late_blight,0.9972,True
Potato___Late_blight,Potato___Late_blight,0.9790,True
Potato___Early_blight,Potato___Early_blight,0.9991,True
Potato___Late_blight,Potato___Late_blight,0.7294,True
Potato___Early_blight,Potato___Early_blight,0.9998,True
Potato___Early_blight,Potato___Early_blight,0.9997,True
Potato___Early_blight,Potato___Early_blight,0.9999,True
Potato___Early_blight,Potato___Early_blight,0.9896,True
Potato___Early_blight,Potato___Early_blight,0.9954,True
Potato___Early_blight,Potato___Early_blight,0.9956,True
Potato___Early_blight,Potato___Early_blight,0.9968,True
Potato___Early_blight,Potato___Early_blight,0.9994,True
Potato___Late_blight,Potato___Late_blight,0.9853,True
Potato___Late_blight,Potato___Late_blight,0.9972,True
Potato___Early_blight,Potato___Early_blight,0.9995,True
Potato___Early_blight,Potato___Early_blight,0.9999,True
Potato___Early_blight,Potato___Early_blight,0.9969,True
Potato___Late_blight,Potato___Late_blight,0.9913,True
Potato___Late_blight,Potato___Late_blight,0.9519,True
Potato___Early_blight,Potato___Early_blight,0.9967,True
Potato___Early_blight,Potato___Early_blight,0.9991,True
Potato___Late_blight,Potato___Late_blight,0.9828,True
Potato___Late_blight,Potato___Late_blight,0.9855,True
Potato___Early_blight,Potato___Early_blight,0.9963,True
Potato___Late_blight,Potato___Late_blight,0.9953,True
Potato___Late_blight,Potato___Late_blight,0.7586,True
Potato___Early_blight,Potato___Early_blight,0.9671,True
Potato___Early_blight,Potato___Early_blight,0.9788,True
Potato___Late_blight,Potato___Late_blight,0.9993,True
Potato___Late_blight,Potato___Late_blight,0.9689,True
Potato___Early_blight,Potato___Early_blight,0.9920,True
Potato___Late_blight,Potato___Late_blight,0.9900,True
Potato___Early_blight,Potato___Early_blight,0.9996,True
Potato___Early_blight,Potato___Early_blight,0.9935,True
Potato___Early_blight,Potato___Early_blight,0.9947,True
Potato___Early_blight,Potato___Early_blight,0.9375,True
Potato___Early_blight,Potato___Early_blight,0.9990,True
Potato___Late_blight,Potato___Late_blight,0.9980,True
Potato___Early_blight,Potato___Early_blight,0.9988,True
Potato___Late_blight,Potato___Late_blight,0.9662,True
Potato___Early_blight,Potato___Early_blight,0.9980,True
Potato___Early_blight,Potato___Early_blight,0.7705,True
Potato___healthy,Potato___healthy,0.6438,True
Potato___Late_blight,Potato___Late_blight,0.9999,True
Potato___Early_blight,Potato___Early_blight,0.7578,True
Potato___Early_blight,Potato___Early_blight,0.9516,True
Potato___Late_blight,Potato___Late_blight,0.9803,True
Potato___Late_blight,Potato___Late_blight,0.9994,True
Potato___Late_blight,Potato___Late_blight,0.9848,True
Potato___Late_blight,Potato___Late_blight,0.9923,True
Potato___Early_blight,Potato___Early_blight,0.9961,True
Potato___Early_blight,Potato___Early_blight,0.9927,True
Potato___Late_blight,Potato___Late_blight,0.6877,True
Potato___Early_blight,Potato___Early_blight,0.9975,True
Potato___Late_blight,Potato___healthy,0.6158,False
Potato___Early_blight,Potato___Early_blight,0.5794,True
Potato___Early_blight,Potato___Early_blight,0.9828,True
Potato___Early_blight,Potato___Early_blight,0.9994,True
Potato___Late_blight,Potato___Late_blight,0.9979,True
Potato___Early_blight,Potato___Early_blight,1.0000,True
Potato___healthy,Potato___healthy,0.9975,True
Potato___Early_blight,Potato___Early_blight,0.9975,True
Potato___Late_blight,Potato___Late_blight,0.9245,True
Potato___Late_blight,Potato___Late_blight,0.9963,True
